Cmax,Bexp,Alpha,Ks,Kq,Obj_Func
381.3670593574493,0.0387139208409316,0.1525145163263652,0.5328153018143587,0.0427509389979025,0.2019288542398372
