Cmax,Bexp,Alpha,Ks,Kq,Obj_Func
586.9061972506,0.0656853315241828,0.1711958829188659,0.538324825911879,0.055902432143955,2.822256651999313
