Cmax,Bexp,Alpha,Ks,Kq,Obj_Func
930.6253828728886,0.1004482223156361,0.5914907837778023,0.001,0.7449227761500697,2.125776083865507
