Cmax,Bexp,Alpha,Ks,Kq,Obj_Func
3167.964161665674,0.3169533932538194,0.3850769360353601,0.3043829771603873,0.0946320683843454,0.2803243984191293
