Cmax,Bexp,Alpha,Ks,Kq,Obj_Func
627.5478153537591,0.013186151704735,0.403107275005807,0.001,0.7413812564461421,0.647209791019915
