Cmax,Bexp,Alpha,Ks,Kq,Obj_Func
1511.2003706945677,0.0054088554775644,0.3910026100974654,0.4327910106895777,0.005393770433659,0.5514825652471786
