Cmax,Bexp,Alpha,Ks,Kq,Obj_Func
3441.0211276981104,0.1874617335901161,0.701149251491922,0.189154045063617,1e-05,1.593120990185095
