Cmax,Bexp,Alpha,Ks,Kq,Obj_Func
2401.800955213539,0.1680059562779462,0.8129554976615002,0.215048475951196,0.0001,1.1223443728625735
