Cmax,Bexp,Alpha,Ks,Kq,Obj_Func
189.35430277665316,0.6248712830340424,0.5085271680724749,0.0196456000075686,0.5922325594421715,1.4644945393019613
