Cmax,Bexp,Alpha,Ks,Kq,Obj_Func
319.3052951,0.148096771,0.552133054,0.021032524,0.727213275,0.303011571
